order,title,dur,at
44,MV LecraexMEEZO BrickForBrick,158,7584
45,MV Beanz Crackin,147,7743
46,MV ASARUftMichaelaPaladioNDJSandman Everyday,173,7891
47,MV RayVaughn CemeteryLanterns,242,8065
48,MV EshonBurgundy HomeOfTheBrave,112,8308
49,MV Dyce HowManyTimes,170,8421
50,MV JoeyMajors ImAllIn,220,8592
51,MV EddieKaineXBPInfinite BackAgainstTheWall,234,8813
52,IA 2B1L Episode13 BMBTVPromoAd,29,9048
53,MV Bulin47xPressyRD MiHistoria,168,9078
54,MV ChildlikeCiCi EveryKneeGoneBow,177,9247
55,MV AlexJean SkressBoutDat,222,9425
56,MV Dee 1 HappyAndHumbleFreestyle,127,9648
57,MV Jovaan BapeRemix,363,9776
58,MV VelNine WhereWillIGo,81,10140
59,MV Chucky73 V2,136,10222
60,MV SnowThaProduct Jump,153,10359
61,IA 2B1L Episode13 BMBTVPromoAd 2,28,10513
62,MV HaviahMighty PursuitFreestyle,150,10542
63,MV DaveEast ThiccerThanWater,263,10693
64,IA Interrupt PluggedIn,20,10957
65,LI YuddahSounds FullInterview,321,10978
66,MV RedRum DietSmoke,160,11300
67,MV AcoupstixftKayoDaBeast UTBMUsedToBeMe,177,11461
68,MV DinaAyada WhatUWant,98,11639
